PL_NUMBER,PL_AREA,LANDUSE,MAIN_AREA,SERVICE_AREA,CELL_SIZE_TOTAL,CELL_SIZE_MIN,CELL_SIZE_MAX,HOUSING_UNITS,BUILDING_HEIGHT,FLOORS_NUM,TOTAL_AREA,AUTHORITY,DISTRICT,SECTOR_GROUP,CONFIRMATION_YEAR,CONSTRUCTION_TYPE_GROUP
257-0744540,257-0744540-1,מגורים,576.0,96.0,400.0,0,0,0,12.5,4,672.0,מחוזית,צפון,חברה ערבית,2021,חדשה
633-0921650,633-0921650-13,מגורים,220.0,60.0,500.0,0,0,1,10.5,2,280.0,מחוזית,דרום,חברה כללית / מעורבת,2021,חדשה
633-0921650,633-0921650-11,מגורים,240.0,60.0,599.0,0,0,1,10.5,2,300.0,מחוזית,דרום,חברה כללית / מעורבת,2021,חדשה
204-0765354,204-0765354-4,מגורים,570.4,92.0,460.0,0,0,4,14.4,4,662.4,מחוזית,צפון,חברה ערבית,2021,חדשה
204-0765354,204-0765354-1,מגורים,768.8,124.0,620.0,0,0,4,14.4,4,892.8,מחוזית,צפון,חברה ערבית,2021,חדשה
204-0765354,204-0765354-2,מגורים,620.0,100.0,500.0,0,0,4,14.4,4,720.0,מחוזית,צפון,חברה ערבית,2021,חדשה
204-0765354,204-0765354-3,מגורים,590.24,95.2,476.0,0,0,4,14.4,4,685.44,מחוזית,צפון,חברה ערבית,2021,חדשה
101-0902015,101-0902015-1,מגורים,728.0,72.0,501.0,0,0,5,12.0,4,800.0,מחוזית,ירושלים,חברה ערבית,2021,התחדשות
354-0846360,354-0846360-100,מגורים,3250.0,1000.0,1160.0,0,0,24,0.0,6,4250.0,מחוזית,חיפה,חברה ערבית,2021,חדשה
506-0380212,506-0380212-115,מגורים,15155.0,7065.0,7814.0,0,0,157,0.0,15,22220.0,מחוזית,תל-אביב,חברה כללית / מעורבת,2021,חדשה
506-0380212,506-0380212-108,מגורים,8155.0,3825.0,2446.0,0,0,85,0.0,16,11980.0,מחוזית,תל-אביב,חברה כללית / מעורבת,2021,חדשה
506-0380212,506-0380212-110,מגורים,19810.0,9270.0,6094.0,0,0,206,0.0,16,29080.0,מחוזית,תל-אביב,חברה כללית / מעורבת,2021,חדשה
506-0380212,506-0380212-101,מגורים,12985.0,6075.0,4025.0,0,0,135,0.0,15,19060.0,מחוזית,תל-אביב,חברה כללית / מעורבת,2021,חדשה
506-0380212,506-0380212-103,מגורים,15045.0,6975.0,4959.0,0,0,155,0.0,15,22020.0,מחוזית,תל-אביב,חברה כללית / מעורבת,2021,חדשה
506-0380212,506-0380212-112,מגורים,14015.0,6525.0,3983.0,0,0,145,0.0,16,20540.0,מחוזית,תל-אביב,חברה כללית / מעורבת,2021,חדשה
506-0380212,506-0380212-107,מגורים,13555.0,6345.0,3925.0,0,0,141,0.0,17,19900.0,מחוזית,תל-אביב,חברה כללית / מעורבת,2021,חדשה
506-0380212,506-0380212-100,מגורים,14965.0,6975.0,4687.0,0,0,155,0.0,15,21940.0,מחוזית,תל-אביב,חברה כללית / מעורבת,2021,חדשה
506-0380212,506-0380212-113,מגורים,18275.0,8505.0,6031.0,0,0,189,0.0,16,26780.0,מחוזית,תל-אביב,חברה כללית / מעורבת,2021,חדשה
304-0207985,304-0207985-512,מגורים,953.0,600.0,921.0,0,0,10,8.0,9,1553.0,מחוזית,חיפה,חברה כללית / מעורבת,2021,התחדשות
304-0207985,304-0207985-584,מגורים,575.0,360.0,644.0,0,0,6,15.0,5,935.0,מחוזית,חיפה,חברה כללית / מעורבת,2021,התחדשות
304-0207985,304-0207985-586,מגורים,647.0,360.0,652.0,0,0,6,15.0,4,1007.0,מחוזית,חיפה,חברה כללית / מעורבת,2021,התחדשות
304-0207985,304-0207985-724,מגורים,618.0,360.0,640.0,0,0,6,17.0,5,978.0,מחוזית,חיפה,חברה כללית / מעורבת,2021,התחדשות
304-0207985,304-0207985-611,מגורים,653.0,360.0,640.0,0,0,6,20.0,6,1013.0,מחוזית,חיפה,חברה כללית / מעורבת,2021,התחדשות
304-0207985,304-0207985-739,מגורים,645.0,360.0,652.0,0,0,6,20.0,6,1005.0,מחוזית,חיפה,חברה כללית / מעורבת,2021,התחדשות
304-0207985,304-0207985-615,מגורים,659.0,360.0,728.0,0,0,6,20.0,6,1019.0,מחוזית,חיפה,חברה כללית / מעורבת,2021,התחדשות
304-0207985,304-0207985-617,מגורים,686.0,360.0,823.0,0,0,6,20.0,6,1046.0,מחוזית,חיפה,חברה כללית / מעורבת,2021,התחדשות
304-0207985,304-0207985-741,מגורים,670.0,360.0,674.0,0,0,6,17.0,5,1030.0,מחוזית,חיפה,חברה כללית / מעורבת,2021,התחדשות
304-0207985,304-0207985-622,מגורים,651.0,360.0,667.0,0,0,6,17.0,5,1011.0,מחוזית,חיפה,חברה כללית / מעורבת,2021,התחדשות
304-0207985,304-0207985-625,מגורים,640.0,360.0,667.0,0,0,6,20.0,6,1000.0,מחוזית,חיפה,חברה כללית / מעורבת,2021,התחדשות
304-0207985,304-0207985-632,מגורים,620.0,360.0,656.0,0,0,6,23.0,7,980.0,מחוזית,חיפה,חברה כללית / מעורבת,2021,התחדשות
304-0207985,304-0207985-635,מגורים,624.0,360.0,656.0,0,0,6,23.0,7,984.0,מחוזית,חיפה,חברה כללית / מעורבת,2021,התחדשות
304-0207985,304-0207985-636,מגורים,647.0,360.0,656.0,0,0,6,23.0,7,1007.0,מחוזית,חיפה,חברה כללית / מעורבת,2021,התחדשות
304-0207985,304-0207985-760,מגורים,647.0,360.0,640.0,0,0,6,20.0,6,1007.0,מחוזית,חיפה,חברה כללית / מעורבת,2021,התחדשות
304-0207985,304-0207985-763,מגורים,672.0,420.0,678.0,0,0,7,20.0,6,1092.0,מחוזית,חיפה,חברה כללית / מעורבת,2021,התחדשות
304-0207985,304-0207985-520,מגורים,1610.0,1020.0,1948.0,0,0,17,11.5,7,2630.0,מחוזית,חיפה,חברה כללית / מעורבת,2021,התחדשות
304-0207985,304-0207985-649,מגורים,945.0,540.0,969.0,0,0,9,20.0,6,1485.0,מחוזית,חיפה,חברה כללית / מעורבת,2021,התחדשות
304-0207985,304-0207985-651,מגורים,601.0,360.0,640.0,0,0,6,17.0,5,961.0,מחוזית,חיפה,חברה כללית / מעורבת,2021,התחדשות
304-0207985,304-0207985-522,מגורים,1015.0,600.0,958.0,0,0,10,11.5,7,1615.0,מחוזית,חיפה,חברה כללית / מעורבת,2021,התחדשות
304-0207985,304-0207985-530,מגורים,1032.0,600.0,966.0,0,0,10,11.5,7,1632.0,מחוזית,חיפה,חברה כללית / מעורבת,2021,התחדשות
304-0207985,304-0207985-538,מגורים,1040.0,660.0,1024.0,0,0,11,11.5,7,1700.0,מחוזית,חיפה,חברה כללית / מעורבת,2021,התחדשות
304-0207985,304-0207985-667,מגורים,675.0,360.0,640.0,0,0,6,20.0,6,1035.0,מחוזית,חיפה,חברה כללית / מעורבת,2021,התחדשות
304-0207985,304-0207985-669,מגורים,659.0,360.0,656.0,0,0,6,23.0,7,1019.0,מחוזית,חיפה,חברה כללית / מעורבת,2021,התחדשות
304-0207985,304-0207985-670,מגורים,631.0,360.0,656.0,0,0,6,20.0,6,991.0,מחוזית,חיפה,חברה כללית / מעורבת,2021,התחדשות
304-0207985,304-0207985-547,מגורים,1240.0,720.0,1280.0,0,0,12,14.0,5,1960.0,מחוזית,חיפה,חברה כללית / מעורבת,2021,התחדשות
304-0207985,304-0207985-549,מגורים,625.0,360.0,768.0,0,0,6,14.0,4,985.0,מחוזית,חיפה,חברה כללית / מעורבת,2021,התחדשות
304-0207985,304-0207985-555,מגורים,1076.0,660.0,1035.0,0,0,11,11.5,9,1736.0,מחוזית,חיפה,חברה כללית / מעורבת,2021,התחדשות
304-0207985,304-0207985-557,מגורים,1071.0,660.0,1002.0,0,0,11,8.0,9,1731.0,מחוזית,חיפה,חברה כללית / מעורבת,2021,התחדשות
304-0207985,304-0207985-566,מגורים,994.0,600.0,962.0,0,0,10,4.5,9,1594.0,מחוזית,חיפה,חברה כללית / מעורבת,2021,התחדשות
304-0207985,304-0207985-568,מגורים,951.0,600.0,902.0,0,0,10,4.5,9,1551.0,מחוזית,חיפה,חברה כללית / מעורבת,2021,התחדשות
304-0207985,304-0207985-704,מגורים,736.0,420.0,715.0,0,0,7,20.0,6,1156.0,מחוזית,חיפה,חברה כללית / מעורבת,2021,התחדשות
304-0207985,304-0207985-506,מגורים,980.0,600.0,935.0,0,0,10,4.5,9,1580.0,מחוזית,חיפה,חברה כללית / מעורבת,2021,התחדשות
304-0207985,304-0207985-503,מגורים,954.0,600.0,902.0,0,0,10,4.5,9,1554.0,מחוזית,חיפה,חברה כללית / מעורבת,2021,התחדשות
304-0207985,304-0207985-716,מגורים,648.0,360.0,664.0,0,0,6,20.0,6,1008.0,מחוזית,חיפה,חברה כללית / מעורבת,2021,התחדשות
304-0207985,304-0207985-515,מגורים,950.0,600.0,989.0,0,0,10,8.0,9,1550.0,מחוזית,חיפה,חברה כללית / מעורבת,2021,התחדשות
304-0207985,304-0207985-598,מגורים,615.0,360.0,662.0,0,0,6,11.5,5,975.0,מחוזית,חיפה,חברה כללית / מעורבת,2021,התחדשות
304-0207985,304-0207985-600,מגורים,640.0,360.0,661.0,0,0,6,11.5,5,1000.0,מחוזית,חיפה,חברה כללית / מעורבת,2021,התחדשות
304-0207985,304-0207985-608,מגורים,610.0,360.0,778.0,0,0,6,11.5,5,970.0,מחוזית,חיפה,חברה כללית / מעורבת,2021,התחדשות
304-0207985,304-0207985-726,מגורים,655.0,360.0,640.0,0,0,6,17.0,5,1015.0,מחוזית,חיפה,חברה כללית / מעורבת,2021,התחדשות
304-0207985,304-0207985-729,מגורים,649.0,360.0,669.0,0,0,6,17.0,5,1009.0,מחוזית,חיפה,חברה כללית / מעורבת,2021,התחדשות
304-0207985,304-0207985-732,מגורים,1634.0,960.0,1510.0,0,0,16,20.0,6,2594.0,מחוזית,חיפה,חברה כללית / מעורבת,2021,התחדשות
304-0207985,304-0207985-614,מגורים,661.0,360.0,692.0,0,0,6,20.0,6,1021.0,מחוזית,חיפה,חברה כללית / מעורבת,2021,התחדשות
304-0207985,304-0207985-618,מגורים,671.0,360.0,638.0,0,0,6,20.0,6,1031.0,מחוזית,חיפה,חברה כללית / מעורבת,2021,התחדשות
304-0207985,304-0207985-745,מגורים,633.0,360.0,653.0,0,0,6,20.0,6,993.0,מחוזית,חיפה,חברה כללית / מעורבת,2021,התחדשות
304-0207985,304-0207985-746,מגורים,665.0,360.0,653.0,0,0,6,20.0,6,1025.0,מחוזית,חיפה,חברה כללית / מעורבת,2021,התחדשות
304-0207985,304-0207985-747,מגורים,625.0,360.0,674.0,0,0,6,17.0,5,985.0,מחוזית,חיפה,חברה כללית / מעורבת,2021,התחדשות
304-0207985,304-0207985-626,מגורים,660.0,360.0,667.0,0,0,6,20.0,6,1020.0,מחוזית,חיפה,חברה כללית / מעורבת,2021,התחדשות
304-0207985,304-0207985-631,מגורים,590.0,360.0,651.0,0,0,6,23.0,7,950.0,מחוזית,חיפה,חברה כללית / מעורבת,2021,התחדשות
304-0207985,304-0207985-638,מגורים,665.0,360.0,640.0,0,0,6,23.0,6,1025.0,מחוזית,חיפה,חברה כללית / מעורבת,2021,התחדשות
304-0207985,304-0207985-759,מגורים,440.0,300.0,664.0,0,0,5,17.0,5,740.0,מחוזית,חיפה,חברה כללית / מעורבת,2021,התחדשות
304-0207985,304-0207985-764,מגורים,660.0,360.0,671.0,0,0,6,17.0,5,1020.0,מחוזית,חיפה,חברה כללית / מעורבת,2021,התחדשות
304-0207985,304-0207985-643,מגורים,651.0,360.0,640.0,0,0,6,20.0,6,1011.0,מחוזית,חיפה,חברה כללית / מעורבת,2021,התחדשות
304-0207985,304-0207985-767,מגורים,812.0,480.0,819.0,0,0,8,20.0,6,1292.0,מחוזית,חיפה,חברה כללית / מעורבת,2021,התחדשות
304-0207985,304-0207985-518,מגורים,879.0,480.0,958.0,0,0,8,11.5,6,1359.0,מחוזית,חיפה,חברה כללית / מעורבת,2021,התחדשות
304-0207985,304-0207985-521,מגורים,932.0,600.0,922.0,0,0,10,11.5,6,1532.0,מחוזית,חיפה,חברה כללית / מעורבת,2021,התחדשות
304-0207985,304-0207985-654,מגורים,673.0,420.0,650.0,0,0,7,20.0,6,1093.0,מחוזית,חיפה,חברה כללית / מעורבת,2021,התחדשות
304-0207985,304-0207985-655,מגורים,829.0,420.0,764.0,0,0,7,20.0,6,1249.0,מחוזית,חיפה,חברה כללית / מעורבת,2021,התחדשות
304-0207985,304-0207985-526,מגורים,1013.0,600.0,946.0,0,0,10,11.5,7,1613.0,מחוזית,חיפה,חברה כללית / מעורבת,2021,התחדשות
304-0207985,304-0207985-527,מגורים,910.0,600.0,943.0,0,0,10,11.5,7,1510.0,מחוזית,חיפה,חברה כללית / מעורבת,2021,התחדשות
304-0207985,304-0207985-534,מגורים,1058.0,600.0,989.0,0,0,10,8.0,9,1658.0,מחוזית,חיפה,חברה כללית / מעורבת,2021,התחדשות
304-0207985,304-0207985-537,מגורים,992.0,600.0,990.0,0,0,10,11.5,7,1592.0,מחוזית,חיפה,חברה כללית / מעורבת,2021,התחדשות
304-0207985,304-0207985-540,מגורים,979.0,600.0,946.0,0,0,10,11.5,7,1579.0,מחוזית,חיפה,חברה כללית / מעורבת,2021,התחדשות
304-0207985,304-0207985-544,מגורים,1800.0,1020.0,1608.0,0,0,17,8.0,8,2820.0,מחוזית,חיפה,חברה כללית / מעורבת,2021,התחדשות
304-0207985,304-0207985-676,מגורים,744.0,420.0,705.0,0,0,7,20.0,6,1164.0,מחוזית,חיפה,חברה כללית / מעורבת,2021,התחדשות
304-0207985,304-0207985-679,מגורים,665.0,360.0,663.0,0,0,6,17.0,5,1025.0,מחוזית,חיפה,חברה כללית / מעורבת,2021,התחדשות
304-0207985,304-0207985-674,מגורים,786.0,420.0,725.0,0,0,7,20.0,6,1206.0,מחוזית,חיפה,חברה כללית / מעורבת,2021,התחדשות
304-0207985,304-0207985-556,מגורים,1069.0,600.0,1005.0,0,0,10,11.5,9,1669.0,מחוזית,חיפה,חברה כללית / מעורבת,2021,התחדשות
304-0207985,304-0207985-689,מגורים,633.0,360.0,643.0,0,0,6,20.0,6,993.0,מחוזית,חיפה,חברה כללית / מעורבת,2021,התחדשות
304-0207985,304-0207985-558,מגורים,1203.0,720.0,1163.0,0,0,12,8.0,9,1923.0,מחוזית,חיפה,חברה כללית / מעורבת,2021,התחדשות
304-0207985,304-0207985-564,מגורים,1005.0,600.0,1044.0,0,0,10,8.0,9,1605.0,מחוזית,חיפה,חברה כללית / מעורבת,2021,התחדשות
304-0207985,304-0207985-691,מגורים,435.0,300.0,646.0,0,0,5,11.5,4,735.0,מחוזית,חיפה,חברה כללית / מעורבת,2021,התחדשות
304-0207985,304-0207985-696,מגורים,619.0,360.0,670.0,0,0,6,17.0,5,979.0,מחוזית,חיפה,חברה כללית / מעורבת,2021,התחדשות
304-0207985,304-0207985-567,מגורים,995.0,600.0,970.0,0,0,10,4.5,9,1595.0,מחוזית,חיפה,חברה כללית / מעורבת,2021,התחדשות
304-0207985,304-0207985-569,מגורים,945.0,600.0,902.0,0,0,10,4.5,9,1545.0,מחוזית,חיפה,חברה כללית / מעורבת,2021,התחדשות
304-0207985,304-0207985-703,מגורים,691.0,420.0,674.0,0,0,7,20.0,6,1111.0,מחוזית,חיפה,חברה כללית / מעורבת,2021,התחדשות
304-0207985,304-0207985-706,מגורים,701.0,420.0,658.0,0,0,7,20.0,6,1121.0,מחוזית,חיפה,חברה כללית / מעורבת,2021,התחדשות
304-0207985,304-0207985-708,מגורים,736.0,420.0,690.0,0,0,7,20.0,6,1156.0,מחוזית,חיפה,חברה כללית / מעורבת,2021,התחדשות
304-0207985,304-0207985-505,מגורים,937.0,600.0,898.0,0,0,10,4.5,9,1537.0,מחוזית,חיפה,חברה כללית / מעורבת,2021,התחדשות
304-0207985,304-0207985-573,מגורים,974.0,600.0,932.0,0,0,10,8.0,9,1574.0,מחוזית,חיפה,חברה כללית / מעורבת,2021,התחדשות
304-0207985,304-0207985-582,מגורים,791.0,420.0,815.0,0,0,7,15.0,6,1211.0,מחוזית,חיפה,חברה כללית / מעורבת,2021,התחדשות
304-0207985,304-0207985-583,מגורים,628.0,360.0,667.0,0,0,6,15.0,5,988.0,מחוזית,חיפה,חברה כללית / מעורבת,2021,התחדשות
304-0207985,304-0207985-713,מגורים,634.0,360.0,653.0,0,0,6,17.0,5,994.0,מחוזית,חיפה,חברה כללית / מעורבת,2021,התחדשות
304-0207985,304-0207985-514,מגורים,949.0,600.0,990.0,0,0,10,8.0,9,1549.0,מחוזית,חיפה,חברה כללית / מעורבת,2021,התחדשות
304-0207985,304-0207985-720,מגורים,640.0,360.0,804.0,0,0,6,17.0,5,1000.0,מחוזית,חיפה,חברה כללית / מעורבת,2021,התחדשות
304-0207985,304-0207985-605,מגורים,495.0,300.0,640.0,0,0,5,11.5,4,795.0,מחוזית,חיפה,חברה כללית / מעורבת,2021,התחדשות
304-0207985,304-0207985-612,מגורים,640.0,360.0,669.0,0,0,6,20.0,6,1000.0,מחוזית,חיפה,חברה כללית / מעורבת,2021,התחדשות
304-0207985,304-0207985-738,מגורים,621.0,360.0,652.0,0,0,6,20.0,6,981.0,מחוזית,חיפה,חברה כללית / מעורבת,2021,התחדשות
304-0207985,304-0207985-616,מגורים,680.0,360.0,768.0,0,0,6,20.0,6,1040.0,מחוזית,חיפה,חברה כללית / מעורבת,2021,התחדשות
304-0207985,304-0207985-620,מגורים,678.0,360.0,631.0,0,0,6,17.0,5,1038.0,מחוזית,חיפה,חברה כללית / מעורבת,2021,התחדשות
304-0207985,304-0207985-743,מגורים,609.0,360.0,704.0,0,0,6,17.0,5,969.0,מחוזית,חיפה,חברה כללית / מעורבת,2021,התחדשות
304-0207985,304-0207985-750,מגורים,602.0,420.0,713.0,0,0,7,20.0,6,1022.0,מחוזית,חיפה,חברה כללית / מעורבת,2021,התחדשות
304-0207985,304-0207985-757,מגורים,647.0,360.0,668.0,0,0,6,17.0,5,1007.0,מחוזית,חיפה,חברה כללית / מעורבת,2021,התחדשות
304-0207985,304-0207985-639,מגורים,638.0,360.0,640.0,0,0,6,23.0,6,998.0,מחוזית,חיפה,חברה כללית / מעורבת,2021,התחדשות
304-0207985,304-0207985-644,מגורים,608.0,360.0,640.0,0,0,6,20.0,6,968.0,מחוזית,חיפה,חברה כללית / מעורבת,2021,התחדשות
304-0207985,304-0207985-656,מגורים,765.0,420.0,957.0,0,0,7,20.0,6,1185.0,מחוזית,חיפה,חברה כללית / מעורבת,2021,התחדשות
304-0207985,304-0207985-659,מגורים,606.0,360.0,653.0,0,0,6,20.0,6,966.0,מחוזית,חיפה,חברה כללית / מעורבת,2021,התחדשות
304-0207985,304-0207985-1201,מגורים מסחר ותעסוקה,2832.0,6680.0,2563.0,0,0,14,20.0,6,9512.0,מחוזית,חיפה,חברה כללית / מעורבת,2021,התחדשות
304-0207985,304-0207985-531,מגורים,1003.0,600.0,943.0,0,0,10,11.5,8,1603.0,מחוזית,חיפה,חברה כללית / מעורבת,2021,התחדשות
304-0207985,304-0207985-548,מגורים,619.0,360.0,640.0,0,0,6,14.0,4,979.0,מחוזית,חיפה,חברה כללית / מעורבת,2021,התחדשות
304-0207985,304-0207985-550,מגורים,997.0,600.0,946.0,0,0,10,11.5,9,1597.0,מחוזית,חיפה,חברה כללית / מעורבת,2021,התחדשות
304-0207985,304-0207985-686,מגורים,641.0,360.0,821.0,0,0,6,17.0,5,1001.0,מחוזית,חיפה,חברה כללית / מעורבת,2021,התחדשות
304-0207985,304-0207985-559,מגורים,1025.0,600.0,968.0,0,0,10,8.0,9,1625.0,מחוזית,חיפה,חברה כללית / מעורבת,2021,התחדשות
304-0207985,304-0207985-700,מגורים,1543.0,900.0,1496.0,0,0,15,20.0,6,2443.0,מחוזית,חיפה,חברה כללית / מעורבת,2021,התחדשות
304-0207985,304-0207985-570,מגורים,975.0,600.0,902.0,0,0,10,4.5,9,1575.0,מחוזית,חיפה,חברה כללית / מעורבת,2021,התחדשות
304-0207985,304-0207985-510,מגורים,957.0,600.0,922.0,0,0,10,8.0,9,1557.0,מחוזית,חיפה,חברה כללית / מעורבת,2021,התחדשות
304-0207985,304-0207985-511,מגורים,957.0,600.0,922.0,0,0,10,8.0,9,1557.0,מחוזית,חיפה,חברה כללית / מעורבת,2021,התחדשות
304-0207985,304-0207985-513,מגורים,970.0,600.0,937.0,0,0,10,8.0,9,1570.0,מחוזית,חיפה,חברה כללית / מעורבת,2021,התחדשות
304-0207985,304-0207985-507,מגורים,980.0,600.0,960.0,0,0,10,8.0,9,1580.0,מחוזית,חיפה,חברה כללית / מעורבת,2021,התחדשות
304-0207985,304-0207985-575,מגורים,1260.0,720.0,1317.0,0,0,12,17.0,5,1980.0,מחוזית,חיפה,חברה כללית / מעורבת,2021,התחדשות
304-0207985,304-0207985-712,מגורים,684.0,360.0,674.0,0,0,6,17.0,5,1044.0,מחוזית,חיפה,חברה כללית / מעורבת,2021,התחדשות
304-0207985,304-0207985-585,מגורים,599.0,360.0,645.0,0,0,6,15.0,4,959.0,מחוזית,חיפה,חברה כללית / מעורבת,2021,התחדשות
304-0207985,304-0207985-587,מגורים,594.0,360.0,677.0,0,0,6,15.0,5,954.0,מחוזית,חיפה,חברה כללית / מעורבת,2021,התחדשות
304-0207985,304-0207985-593,מגורים,1542.0,960.0,1578.0,0,0,16,11.5,8,2502.0,מחוזית,חיפה,חברה כללית / מעורבת,2021,התחדשות
304-0207985,304-0207985-595,מגורים,480.0,300.0,626.0,0,0,5,20.0,6,780.0,מחוזית,חיפה,חברה כללית / מעורבת,2021,התחדשות
304-0207985,304-0207985-596,מגורים,639.0,360.0,661.0,0,0,6,11.5,5,999.0,מחוזית,חיפה,חברה כללית / מעורבת,2021,התחדשות
304-0207985,304-0207985-597,מגורים,593.0,360.0,656.0,0,0,6,11.5,5,953.0,מחוזית,חיפה,חברה כללית / מעורבת,2021,התחדשות
304-0207985,304-0207985-719,מגורים,678.0,420.0,812.0,0,0,7,20.0,6,1098.0,מחוזית,חיפה,חברה כללית / מעורבת,2021,התחדשות
304-0207985,304-0207985-722,מגורים,621.0,360.0,640.0,0,0,6,20.0,6,981.0,מחוזית,חיפה,חברה כללית / מעורבת,2021,התחדשות
304-0207985,304-0207985-609,מגורים,475.0,300.0,640.0,0,0,5,11.5,4,775.0,מחוזית,חיפה,חברה כללית / מעורבת,2021,התחדשות
304-0207985,304-0207985-727,מגורים,665.0,360.0,640.0,0,0,6,17.0,5,1025.0,מחוזית,חיפה,חברה כללית / מעורבת,2021,התחדשות
304-0207985,304-0207985-728,מגורים,662.0,360.0,658.0,0,0,6,17.0,5,1022.0,מחוזית,חיפה,חברה כללית / מעורבת,2021,התחדשות
304-0207985,304-0207985-610,מגורים,654.0,360.0,642.0,0,0,6,17.0,5,1014.0,מחוזית,חיפה,חברה כללית / מעורבת,2021,התחדשות
304-0207985,304-0207985-731,מגורים,682.0,360.0,640.0,0,0,6,20.0,6,1042.0,מחוזית,חיפה,חברה כללית / מעורבת,2021,התחדשות
304-0207985,304-0207985-735,מגורים,651.0,360.0,661.0,0,0,6,20.0,6,1011.0,מחוזית,חיפה,חברה כללית / מעורבת,2021,התחדשות
304-0207985,304-0207985-742,מגורים,650.0,360.0,674.0,0,0,6,17.0,5,1010.0,מחוזית,חיפה,חברה כללית / מעורבת,2021,התחדשות
304-0207985,304-0207985-628,מגורים,689.0,360.0,667.0,0,0,6,20.0,6,1049.0,מחוזית,חיפה,חברה כללית / מעורבת,2021,התחדשות
304-0207985,304-0207985-752,מגורים,626.0,360.0,663.0,0,0,6,17.0,5,986.0,מחוזית,חיפה,חברה כללית / מעורבת,2021,התחדשות
304-0207985,304-0207985-755,מגורים,648.0,360.0,647.0,0,0,6,20.0,6,1008.0,מחוזית,חיפה,חברה כללית / מעורבת,2021,התחדשות
304-0207985,304-0207985-756,מגורים,663.0,360.0,650.0,0,0,6,20.0,6,1023.0,מחוזית,חיפה,חברה כללית / מעורבת,2021,התחדשות
304-0207985,304-0207985-761,מגורים,644.0,360.0,640.0,0,0,6,20.0,6,1004.0,מחוזית,חיפה,חברה כללית / מעורבת,2021,התחדשות
304-0207985,304-0207985-529,מגורים,1025.0,600.0,962.0,0,0,10,11.5,7,1625.0,מחוזית,חיפה,חברה כללית / מעורבת,2021,התחדשות
304-0207985,304-0207985-658,מגורים,600.0,360.0,653.0,0,0,6,20.0,6,960.0,מחוזית,חיפה,חברה כללית / מעורבת,2021,התחדשות
304-0207985,304-0207985-661,מגורים,660.0,360.0,653.0,0,0,6,20.0,6,1020.0,מחוזית,חיפה,חברה כללית / מעורבת,2021,התחדשות
304-0207985,304-0207985-662,מגורים,653.0,360.0,640.0,0,0,6,23.0,7,1013.0,מחוזית,חיפה,חברה כללית / מעורבת,2021,התחדשות
304-0207985,304-0207985-542,מגורים,812.0,480.0,967.0,0,0,8,8.0,7,1292.0,מחוזית,חיפה,חברה כללית / מעורבת,2021,התחדשות
304-0207985,304-0207985-545,מגורים,1460.0,900.0,1445.0,0,0,15,8.0,7,2360.0,מחוזית,חיפה,חברה כללית / מעורבת,2021,התחדשות
304-0207985,304-0207985-677,מגורים,732.0,420.0,673.0,0,0,7,20.0,6,1152.0,מחוזית,חיפה,חברה כללית / מעורבת,2021,התחדשות
304-0207985,304-0207985-673,מגורים,815.0,420.0,749.0,0,0,7,20.0,6,1235.0,מחוזית,חיפה,חברה כללית / מעורבת,2021,התחדשות
304-0207985,304-0207985-553,מגורים,1030.0,600.0,990.0,0,0,10,11.5,9,1630.0,מחוזית,חיפה,חברה כללית / מעורבת,2021,התחדשות
304-0207985,304-0207985-682,מגורים,703.0,360.0,640.0,0,0,6,17.0,6,1063.0,מחוזית,חיפה,חברה כללית / מעורבת,2021,התחדשות
304-0207985,304-0207985-683,מגורים,700.0,360.0,657.0,0,0,6,17.0,6,1060.0,מחוזית,חיפה,חברה כללית / מעורבת,2021,התחדשות
304-0207985,304-0207985-687,מגורים,642.0,360.0,671.0,0,0,6,17.0,5,1002.0,מחוזית,חיפה,חברה כללית / מעורבת,2021,התחדשות
304-0207985,304-0207985-565,מגורים,998.0,600.0,933.0,0,0,10,4.5,9,1598.0,מחוזית,חיפה,חברה כללית / מעורבת,2021,התחדשות
304-0207985,304-0207985-509,מגורים,959.0,600.0,977.0,0,0,10,8.0,9,1559.0,מחוזית,חיפה,חברה כללית / מעורבת,2021,התחדשות
304-0207985,304-0207985-508,מגורים,950.0,600.0,973.0,0,0,10,8.0,9,1550.0,מחוזית,חיפה,חברה כללית / מעורבת,2021,התחדשות
304-0207985,304-0207985-502,מגורים,928.0,600.0,929.0,0,0,10,11.5,9,1528.0,מחוזית,חיפה,חברה כללית / מעורבת,2021,התחדשות
304-0207985,304-0207985-715,מגורים,699.0,360.0,646.0,0,0,6,20.0,6,1059.0,מחוזית,חיפה,חברה כללית / מעורבת,2021,התחדשות
304-0207985,304-0207985-717,מגורים,1910.0,1080.0,1951.0,0,0,18,20.0,6,2990.0,מחוזית,חיפה,חברה כללית / מעורבת,2021,התחדשות
304-0207985,304-0207985-590,מגורים,598.0,360.0,711.0,0,0,6,15.0,5,958.0,מחוזית,חיפה,חברה כללית / מעורבת,2021,התחדשות
304-0207985,304-0207985-721,מגורים,611.0,360.0,641.0,0,0,6,17.0,6,971.0,מחוזית,חיפה,חברה כללית / מעורבת,2021,התחדשות
304-0207985,304-0207985-604,מגורים,650.0,360.0,709.0,0,0,6,17.0,5,1010.0,מחוזית,חיפה,חברה כללית / מעורבת,2021,התחדשות
304-0207985,304-0207985-607,מגורים,457.0,300.0,640.0,0,0,5,11.5,4,757.0,מחוזית,חיפה,חברה כללית / מעורבת,2021,התחדשות
304-0207985,304-0207985-725,מגורים,646.0,360.0,640.0,0,0,6,17.0,5,1006.0,מחוזית,חיפה,חברה כללית / מעורבת,2021,התחדשות
304-0207985,304-0207985-730,מגורים,619.0,360.0,821.0,0,0,6,20.0,6,979.0,מחוזית,חיפה,חברה כללית / מעורבת,2021,התחדשות
304-0207985,304-0207985-516,מגורים,968.0,600.0,964.0,0,0,10,11.5,9,1568.0,מחוזית,חיפה,חברה כללית / מעורבת,2021,התחדשות
304-0207985,304-0207985-749,מגורים,510.0,300.0,679.0,0,0,5,17.0,5,810.0,מחוזית,חיפה,חברה כללית / מעורבת,2021,התחדשות
304-0207985,304-0207985-751,מגורים,665.0,420.0,662.0,0,0,7,20.0,6,1085.0,מחוזית,חיפה,חברה כללית / מעורבת,2021,התחדשות
304-0207985,304-0207985-637,מגורים,655.0,360.0,651.0,0,0,6,23.0,7,1015.0,מחוזית,חיפה,חברה כללית / מעורבת,2021,התחדשות
304-0207985,304-0207985-640,מגורים,589.0,360.0,640.0,0,0,6,23.0,7,949.0,מחוזית,חיפה,חברה כללית / מעורבת,2021,התחדשות
304-0207985,304-0207985-766,מגורים,1230.0,780.0,908.0,0,0,13,4.5,10,2010.0,מחוזית,חיפה,חברה כללית / מעורבת,2021,התחדשות
304-0207985,304-0207985-519,מגורים,903.0,480.0,958.0,0,0,8,11.5,6,1383.0,מחוזית,חיפה,חברה כללית / מעורבת,2021,התחדשות
304-0207985,304-0207985-650,מגורים,2142.0,1320.0,2140.0,0,0,22,20.0,6,3462.0,מחוזית,חיפה,חברה כללית / מעורבת,2021,התחדשות
304-0207985,304-0207985-653,מגורים,623.0,420.0,640.0,0,0,7,20.0,6,1043.0,מחוזית,חיפה,חברה כללית / מעורבת,2021,התחדשות
304-0207985,304-0207985-539,מגורים,975.0,600.0,985.0,0,0,10,11.5,7,1575.0,מחוזית,חיפה,חברה כללית / מעורבת,2021,התחדשות
304-0207985,304-0207985-680,מגורים,639.0,360.0,643.0,0,0,6,20.0,6,999.0,מחוזית,חיפה,חברה כללית / מעורבת,2021,התחדשות
304-0207985,304-0207985-551,מגורים,1086.0,660.0,1035.0,0,0,11,11.5,9,1746.0,מחוזית,חיפה,חברה כללית / מעורבת,2021,התחדשות
304-0207985,304-0207985-685,מגורים,655.0,360.0,848.0,0,0,6,17.0,6,1015.0,מחוזית,חיפה,חברה כללית / מעורבת,2021,התחדשות
304-0207985,304-0207985-688,מגורים,674.0,360.0,643.0,0,0,6,20.0,6,1034.0,מחוזית,חיפה,חברה כללית / מעורבת,2021,התחדשות
304-0207985,304-0207985-560,מגורים,1035.0,600.0,968.0,0,0,10,8.0,9,1635.0,מחוזית,חיפה,חברה כללית / מעורבת,2021,התחדשות
304-0207985,304-0207985-692,מגורים,610.0,360.0,665.0,0,0,6,20.0,6,970.0,מחוזית,חיפה,חברה כללית / מעורבת,2021,התחדשות
304-0207985,304-0207985-693,מגורים,658.0,360.0,666.0,0,0,6,17.0,6,1018.0,מחוזית,חיפה,חברה כללית / מעורבת,2021,התחדשות
304-0207985,304-0207985-697,מגורים,389.0,300.0,785.0,0,0,5,17.0,5,689.0,מחוזית,חיפה,חברה כללית / מעורבת,2021,התחדשות
304-0207985,304-0207985-709,מגורים,720.0,420.0,672.0,0,0,7,20.0,6,1140.0,מחוזית,חיפה,חברה כללית / מעורבת,2021,התחדשות
304-0207985,304-0207985-504,מגורים,1900.0,1080.0,1844.0,0,0,18,4.5,9,2980.0,מחוזית,חיפה,חברה כללית / מעורבת,2021,התחדשות
304-0207985,304-0207985-501,מגורים,1032.0,600.0,997.0,0,0,10,11.5,9,1632.0,מחוזית,חיפה,חברה כללית / מעורבת,2021,התחדשות
304-0207985,304-0207985-574,מגורים,835.0,480.0,933.0,0,0,8,8.0,8,1315.0,מחוזית,חיפה,חברה כללית / מעורבת,2021,התחדשות
304-0207985,304-0207985-577,מגורים,1563.0,960.0,1856.0,0,0,16,8.0,8,2523.0,מחוזית,חיפה,חברה כללית / מעורבת,2021,התחדשות
304-0207985,304-0207985-578,מגורים,1004.0,600.0,917.0,0,0,10,15.0,9,1604.0,מחוזית,חיפה,חברה כללית / מעורבת,2021,התחדשות
304-0207985,304-0207985-579,מגורים,956.0,600.0,917.0,0,0,10,15.0,9,1556.0,מחוזית,חיפה,חברה כללית / מעורבת,2021,התחדשות
304-0207985,304-0207985-711,מגורים,634.0,360.0,673.0,0,0,6,17.0,5,994.0,מחוזית,חיפה,חברה כללית / מעורבת,2021,התחדשות
304-0207985,304-0207985-714,מגורים,501.0,300.0,652.0,0,0,5,17.0,5,801.0,מחוזית,חיפה,חברה כללית / מעורבת,2021,התחדשות
304-0207985,304-0207985-592,מגורים,1825.0,960.0,1578.0,0,0,16,15.0,8,2785.0,מחוזית,חיפה,חברה כללית / מעורבת,2021,התחדשות
304-0207985,304-0207985-602,מגורים,651.0,360.0,677.0,0,0,6,17.0,5,1011.0,מחוזית,חיפה,חברה כללית / מעורבת,2021,התחדשות
304-0207985,304-0207985-603,מגורים,690.0,360.0,647.0,0,0,6,17.0,5,1050.0,מחוזית,חיפה,חברה כללית / מעורבת,2021,התחדשות
304-0207985,304-0207985-734,מגורים,685.0,360.0,661.0,0,0,6,20.0,6,1045.0,מחוזית,חיפה,חברה כללית / מעורבת,2021,התחדשות
304-0207985,304-0207985-736,מגורים,696.0,360.0,661.0,0,0,6,20.0,6,1056.0,מחוזית,חיפה,חברה כללית / מעורבת,2021,התחדשות
304-0207985,304-0207985-613,מגורים,640.0,360.0,679.0,0,0,6,20.0,6,1000.0,מחוזית,חיפה,חברה כללית / מעורבת,2021,התחדשות
304-0207985,304-0207985-619,מגורים,634.0,360.0,630.0,0,0,6,20.0,6,994.0,מחוזית,חיפה,חברה כללית / מעורבת,2021,התחדשות
304-0207985,304-0207985-621,מגורים,692.0,360.0,667.0,0,0,6,17.0,5,1052.0,מחוזית,חיפה,חברה כללית / מעורבת,2021,התחדשות
304-0207985,304-0207985-623,מגורים,732.0,420.0,672.0,0,0,7,20.0,6,1152.0,מחוזית,חיפה,חברה כללית / מעורבת,2021,התחדשות
304-0207985,304-0207985-624,מגורים,687.0,360.0,667.0,0,0,6,17.0,5,1047.0,מחוזית,חיפה,חברה כללית / מעורבת,2021,התחדשות
304-0207985,304-0207985-627,מגורים,675.0,360.0,649.0,0,0,6,20.0,6,1035.0,מחוזית,חיפה,חברה כללית / מעורבת,2021,התחדשות
304-0207985,304-0207985-753,מגורים,578.0,360.0,652.0,0,0,6,17.0,5,938.0,מחוזית,חיפה,חברה כללית / מעורבת,2021,התחדשות
304-0207985,304-0207985-630,מגורים,606.0,360.0,660.0,0,0,6,20.0,7,966.0,מחוזית,חיפה,חברה כללית / מעורבת,2021,התחדשות
304-0207985,304-0207985-634,מגורים,600.0,360.0,656.0,0,0,6,23.0,7,960.0,מחוזית,חיפה,חברה כללית / מעורבת,2021,התחדשות
304-0207985,304-0207985-758,מגורים,618.0,360.0,683.0,0,0,6,20.0,6,978.0,מחוזית,חיפה,חברה כללית / מעורבת,2021,התחדשות
304-0207985,304-0207985-765,מגורים,603.0,360.0,801.0,0,0,6,17.0,5,963.0,מחוזית,חיפה,חברה כללית / מעורבת,2021,התחדשות
304-0207985,304-0207985-641,מגורים,608.0,360.0,669.0,0,0,6,20.0,6,968.0,מחוזית,חיפה,חברה כללית / מעורבת,2021,התחדשות
304-0207985,304-0207985-517,מגורים,860.0,480.0,926.0,0,0,8,11.5,8,1340.0,מחוזית,חיפה,חברה כללית / מעורבת,2021,התחדשות
304-0207985,304-0207985-648,מגורים,642.0,360.0,640.0,0,0,6,17.0,5,1002.0,מחוזית,חיפה,חברה כללית / מעורבת,2021,התחדשות
304-0207985,304-0207985-535,מגורים,988.0,600.0,951.0,0,0,10,8.0,9,1588.0,מחוזית,חיפה,חברה כללית / מעורבת,2021,התחדשות
304-0207985,304-0207985-536,מגורים,1025.0,600.0,957.0,0,0,10,11.5,7,1625.0,מחוזית,חיפה,חברה כללית / מעורבת,2021,התחדשות
304-0207985,304-0207985-664,מגורים,624.0,360.0,656.0,0,0,6,23.0,7,984.0,מחוזית,חיפה,חברה כללית / מעורבת,2021,התחדשות
304-0207985,304-0207985-668,מגורים,674.0,360.0,654.0,0,0,6,20.0,6,1034.0,מחוזית,חיפה,חברה כללית / מעורבת,2021,התחדשות
304-0207985,304-0207985-554,מגורים,1120.0,660.0,1044.0,0,0,11,11.5,9,1780.0,מחוזית,חיפה,חברה כללית / מעורבת,2021,התחדשות
304-0207985,304-0207985-684,מגורים,674.0,360.0,676.0,0,0,6,17.0,5,1034.0,מחוזית,חיפה,חברה כללית / מעורבת,2021,התחדשות
304-0207985,304-0207985-572,מגורים,973.0,600.0,932.0,0,0,10,4.5,9,1573.0,מחוזית,חיפה,חברה כללית / מעורבת,2021,התחדשות
304-0207985,304-0207985-702,מגורים,664.0,360.0,676.0,0,0,6,20.0,6,1024.0,מחוזית,חיפה,חברה כללית / מעורבת,2021,התחדשות
304-0207985,304-0207985-707,מגורים,680.0,420.0,658.0,0,0,7,20.0,6,1100.0,מחוזית,חיפה,חברה כללית / מעורבת,2021,התחדשות
304-0207985,304-0207985-576,מגורים,858.0,480.0,933.0,0,0,8,8.0,8,1338.0,מחוזית,חיפה,חברה כללית / מעורבת,2021,התחדשות
304-0207985,304-0207985-580,מגורים,1513.0,840.0,1632.0,0,0,14,15.0,7,2353.0,מחוזית,חיפה,חברה כללית / מעורבת,2021,התחדשות
304-0207985,304-0207985-710,מגורים,745.0,420.0,671.0,0,0,7,20.0,6,1165.0,מחוזית,חיפה,חברה כללית / מעורבת,2021,התחדשות
304-0207985,304-0207985-718,מגורים,587.0,360.0,652.0,0,0,6,20.0,6,947.0,מחוזית,חיפה,חברה כללית / מעורבת,2021,התחדשות
304-0207985,304-0207985-594,מגורים,489.0,300.0,667.0,0,0,5,20.0,6,789.0,מחוזית,חיפה,חברה כללית / מעורבת,2021,התחדשות
304-0207985,304-0207985-599,מגורים,579.0,360.0,665.0,0,0,6,11.5,5,939.0,מחוזית,חיפה,חברה כללית / מעורבת,2021,התחדשות
304-0207985,304-0207985-601,מגורים,628.0,360.0,710.0,0,0,6,11.5,5,988.0,מחוזית,חיפה,חברה כללית / מעורבת,2021,התחדשות
304-0207985,304-0207985-606,מגורים,691.0,420.0,710.0,0,0,7,20.0,6,1111.0,מחוזית,חיפה,חברה כללית / מעורבת,2021,התחדשות
304-0207985,304-0207985-723,מגורים,600.0,360.0,640.0,0,0,6,17.0,5,960.0,מחוזית,חיפה,חברה כללית / מעורבת,2021,התחדשות
304-0207985,304-0207985-733,מגורים,618.0,360.0,646.0,0,0,6,20.0,6,978.0,מחוזית,חיפה,חברה כללית / מעורבת,2021,התחדשות
304-0207985,304-0207985-629,מגורים,677.0,360.0,667.0,0,0,6,20.0,6,1037.0,מחוזית,חיפה,חברה כללית / מעורבת,2021,התחדשות
304-0207985,304-0207985-748,מגורים,474.0,300.0,652.0,0,0,5,17.0,5,774.0,מחוזית,חיפה,חברה כללית / מעורבת,2021,התחדשות
304-0207985,304-0207985-645,מגורים,600.0,360.0,640.0,0,0,6,20.0,6,960.0,מחוזית,חיפה,חברה כללית / מעורבת,2021,התחדשות
304-0207985,304-0207985-768,מגורים,945.0,600.0,968.0,0,0,10,20.0,6,1545.0,מחוזית,חיפה,חברה כללית / מעורבת,2021,התחדשות
304-0207985,304-0207985-647,מגורים,621.0,360.0,640.0,0,0,6,20.0,6,981.0,מחוזית,חיפה,חברה כללית / מעורבת,2021,התחדשות
304-0207985,304-0207985-652,מגורים,612.0,360.0,640.0,0,0,6,17.0,5,972.0,מחוזית,חיפה,חברה כללית / מעורבת,2021,התחדשות
304-0207985,304-0207985-525,מגורים,970.0,600.0,953.0,0,0,10,11.5,7,1570.0,מחוזית,חיפה,חברה כללית / מעורבת,2021,התחדשות
304-0207985,304-0207985-657,מגורים,585.0,360.0,809.0,0,0,6,20.0,6,945.0,מחוזית,חיפה,חברה כללית / מעורבת,2021,התחדשות
304-0207985,304-0207985-660,מגורים,680.0,360.0,662.0,0,0,6,20.0,6,1040.0,מחוזית,חיפה,חברה כללית / מעורבת,2021,התחדשות
304-0207985,304-0207985-533,מגורים,2005.0,1140.0,1938.0,0,0,19,11.5,9,3145.0,מחוזית,חיפה,חברה כללית / מעורבת,2021,התחדשות
304-0207985,304-0207985-666,מגורים,724.0,360.0,656.0,0,0,6,23.0,7,1084.0,מחוזית,חיפה,חברה כללית / מעורבת,2021,התחדשות
304-0207985,304-0207985-671,מגורים,720.0,420.0,726.0,0,0,7,20.0,6,1140.0,מחוזית,חיפה,חברה כללית / מעורבת,2021,התחדשות
304-0207985,304-0207985-541,מגורים,779.0,480.0,909.0,0,0,8,8.0,7,1259.0,מחוזית,חיפה,חברה כללית / מעורבת,2021,התחדשות
304-0207985,304-0207985-543,מגורים,895.0,480.0,835.0,0,0,8,8.0,7,1375.0,מחוזית,חיפה,חברה כללית / מעורבת,2021,התחדשות
304-0207985,304-0207985-546,מגורים,793.0,480.0,829.0,0,0,8,8.0,7,1273.0,מחוזית,חיפה,חברה כללית / מעורבת,2021,התחדשות
304-0207985,304-0207985-681,מגורים,679.0,360.0,640.0,0,0,6,17.0,5,1039.0,מחוזית,חיפה,חברה כללית / מעורבת,2021,התחדשות
304-0207985,304-0207985-552,מגורים,1026.0,600.0,990.0,0,0,10,11.5,9,1626.0,מחוזית,חיפה,חברה כללית / מעורבת,2021,התחדשות
304-0207985,304-0207985-571,מגורים,997.0,600.0,932.0,0,0,10,4.5,9,1597.0,מחוזית,חיפה,חברה כללית / מעורבת,2021,התחדשות
304-0207985,304-0207985-588,מגורים,614.0,360.0,642.0,0,0,6,15.0,4,974.0,מחוזית,חיפה,חברה כללית / מעורבת,2021,התחדשות
304-0207985,304-0207985-589,מגורים,420.0,300.0,642.0,0,0,5,15.0,4,720.0,מחוזית,חיפה,חברה כללית / מעורבת,2021,התחדשות
304-0207985,304-0207985-591,מגורים,751.0,420.0,733.0,0,0,7,15.0,6,1171.0,מחוזית,חיפה,חברה כללית / מעורבת,2021,התחדשות
304-0207985,304-0207985-737,מגורים,671.0,360.0,657.0,0,0,6,20.0,6,1031.0,מחוזית,חיפה,חברה כללית / מעורבת,2021,התחדשות
304-0207985,304-0207985-740,מגורים,497.0,360.0,653.0,0,0,6,20.0,6,857.0,מחוזית,חיפה,חברה כללית / מעורבת,2021,התחדשות
304-0207985,304-0207985-744,מגורים,663.0,360.0,653.0,0,0,6,20.0,6,1023.0,מחוזית,חיפה,חברה כללית / מעורבת,2021,התחדשות
304-0207985,304-0207985-754,מגורים,812.0,480.0,820.0,0,0,8,20.0,6,1292.0,מחוזית,חיפה,חברה כללית / מעורבת,2021,התחדשות
304-0207985,304-0207985-633,מגורים,678.0,360.0,656.0,0,0,6,23.0,7,1038.0,מחוזית,חיפה,חברה כללית / מעורבת,2021,התחדשות
304-0207985,304-0207985-762,מגורים,745.0,420.0,642.0,0,0,7,20.0,6,1165.0,מחוזית,חיפה,חברה כללית / מעורבת,2021,התחדשות
304-0207985,304-0207985-642,מגורים,651.0,360.0,757.0,0,0,6,20.0,6,1011.0,מחוזית,חיפה,חברה כללית / מעורבת,2021,התחדשות
304-0207985,304-0207985-646,מגורים,595.0,360.0,640.0,0,0,6,20.0,6,955.0,מחוזית,חיפה,חברה כללית / מעורבת,2021,התחדשות
304-0207985,304-0207985-523,מגורים,993.0,600.0,958.0,0,0,10,11.5,7,1593.0,מחוזית,חיפה,חברה כללית / מעורבת,2021,התחדשות
304-0207985,304-0207985-528,מגורים,911.0,600.0,943.0,0,0,10,8.0,9,1511.0,מחוזית,חיפה,חברה כללית / מעורבת,2021,התחדשות
304-0207985,304-0207985-663,מגורים,630.0,360.0,650.0,0,0,6,23.0,7,990.0,מחוזית,חיפה,חברה כללית / מעורבת,2021,התחדשות
304-0207985,304-0207985-532,מגורים,969.0,600.0,943.0,0,0,10,8.0,9,1569.0,מחוזית,חיפה,חברה כללית / מעורבת,2021,התחדשות
304-0207985,304-0207985-665,מגורים,687.0,360.0,656.0,0,0,6,23.0,7,1047.0,מחוזית,חיפה,חברה כללית / מעורבת,2021,התחדשות
304-0207985,304-0207985-672,מגורים,630.0,420.0,662.0,0,0,7,20.0,6,1050.0,מחוזית,חיפה,חברה כללית / מעורבת,2021,התחדשות
304-0207985,304-0207985-675,מגורים,726.0,480.0,976.0,0,0,8,8.0,9,1206.0,מחוזית,חיפה,חברה כללית / מעורבת,2021,התחדשות
304-0207985,304-0207985-690,מגורים,625.0,360.0,683.0,0,0,6,20.0,6,985.0,מחוזית,חיפה,חברה כללית / מעורבת,2021,התחדשות
304-0207985,304-0207985-561,מגורים,1033.0,600.0,968.0,0,0,10,8.0,9,1633.0,מחוזית,חיפה,חברה כללית / מעורבת,2021,התחדשות
304-0207985,304-0207985-562,מגורים,1026.0,600.0,968.0,0,0,10,8.0,9,1626.0,מחוזית,חיפה,חברה כללית / מעורבת,2021,התחדשות
304-0207985,304-0207985-563,מגורים,1010.0,600.0,977.0,0,0,10,8.0,9,1610.0,מחוזית,חיפה,חברה כללית / מעורבת,2021,התחדשות
304-0207985,304-0207985-694,מגורים,635.0,360.0,666.0,0,0,6,17.0,6,995.0,מחוזית,חיפה,חברה כללית / מעורבת,2021,התחדשות
304-0207985,304-0207985-695,מגורים,630.0,360.0,663.0,0,0,6,17.0,6,990.0,מחוזית,חיפה,חברה כללית / מעורבת,2021,התחדשות
304-0207985,304-0207985-701,מגורים,470.0,300.0,668.0,0,0,5,15.0,5,770.0,מחוזית,חיפה,חברה כללית / מעורבת,2021,התחדשות
304-0207985,304-0207985-705,מגורים,680.0,420.0,668.0,0,0,7,20.0,6,1100.0,מחוזית,חיפה,חברה כללית / מעורבת,2021,התחדשות
251-0493353,251-0493353-48C,מגורים,720.0,120.0,0.0,800,0,0,34.0,8,840.0,מחוזית,צפון,חברה ערבית,2021,חדשה
251-0493353,251-0493353-42B,מגורים,720.0,120.0,0.0,800,0,0,34.0,8,840.0,מחוזית,צפון,חברה ערבית,2021,חדשה
251-0493353,251-0493353-43A,מגורים,720.0,120.0,0.0,800,0,0,34.0,8,840.0,מחוזית,צפון,חברה ערבית,2021,חדשה
251-0493353,251-0493353-45C,מגורים,720.0,120.0,0.0,800,0,0,34.0,8,840.0,מחוזית,צפון,חברה ערבית,2021,חדשה
251-0493353,251-0493353-49B,מגורים,720.0,120.0,0.0,800,0,0,34.0,8,840.0,מחוזית,צפון,חברה ערבית,2021,חדשה
251-0493353,251-0493353-49D,מגורים,720.0,120.0,0.0,800,0,0,34.0,8,840.0,מחוזית,צפון,חברה ערבית,2021,חדשה
251-0493353,251-0493353-49G,מגורים,720.0,120.0,0.0,800,0,0,34.0,8,840.0,מחוזית,צפון,חברה ערבית,2021,חדשה
251-0493353,251-0493353-50A,מגורים,720.0,120.0,0.0,800,0,0,34.0,8,840.0,מחוזית,צפון,חברה ערבית,2021,חדשה
251-0493353,251-0493353-42C,מגורים,720.0,120.0,0.0,800,0,0,34.0,8,840.0,מחוזית,צפון,חברה ערבית,2021,חדשה
251-0493353,251-0493353-49A,מגורים,720.0,120.0,0.0,800,0,0,34.0,8,840.0,מחוזית,צפון,חברה ערבית,2021,חדשה
251-0493353,251-0493353-48I,מגורים,720.0,120.0,0.0,800,0,0,34.0,8,840.0,מחוזית,צפון,חברה ערבית,2021,חדשה
251-0493353,251-0493353-45F,מגורים,720.0,120.0,0.0,800,0,0,34.0,8,840.0,מחוזית,צפון,חברה ערבית,2021,חדשה
251-0493353,251-0493353-42A,מגורים,720.0,120.0,0.0,800,0,0,34.0,8,840.0,מחוזית,צפון,חברה ערבית,2021,חדשה
251-0493353,251-0493353-43B,מגורים,720.0,120.0,0.0,800,0,0,34.0,8,840.0,מחוזית,צפון,חברה ערבית,2021,חדשה
251-0493353,251-0493353-48K,מגורים,720.0,120.0,0.0,800,0,0,34.0,8,840.0,מחוזית,צפון,חברה ערבית,2021,חדשה
251-0493353,251-0493353-45K,מגורים,720.0,120.0,0.0,800,0,0,34.0,8,840.0,מחוזית,צפון,חברה ערבית,2021,חדשה
251-0493353,251-0493353-48D,מגורים,720.0,120.0,0.0,800,0,0,34.0,8,840.0,מחוזית,צפון,חברה ערבית,2021,חדשה
251-0493353,251-0493353-44C,מגורים,720.0,120.0,0.0,800,0,0,34.0,8,840.0,מחוזית,צפון,חברה ערבית,2021,חדשה
251-0493353,251-0493353-45D,מגורים,720.0,120.0,0.0,800,0,0,34.0,8,840.0,מחוזית,צפון,חברה ערבית,2021,חדשה
251-0493353,251-0493353-49C,מגורים,720.0,120.0,0.0,800,0,0,34.0,8,840.0,מחוזית,צפון,חברה ערבית,2021,חדשה
251-0493353,251-0493353-50B,מגורים,720.0,120.0,0.0,800,0,0,34.0,8,840.0,מחוזית,צפון,חברה ערבית,2021,חדשה
251-0493353,251-0493353-48J,מגורים,720.0,120.0,0.0,800,0,0,34.0,8,840.0,מחוזית,צפון,חברה ערבית,2021,חדשה
251-0493353,251-0493353-45G,מגורים,720.0,120.0,0.0,800,0,0,34.0,8,840.0,מחוזית,צפון,חברה ערבית,2021,חדשה
251-0493353,251-0493353-46B,מגורים,720.0,120.0,0.0,800,0,0,34.0,8,840.0,מחוזית,צפון,חברה ערבית,2021,חדשה
251-0493353,251-0493353-46C,מגורים,720.0,120.0,0.0,800,0,0,34.0,8,840.0,מחוזית,צפון,חברה ערבית,2021,חדשה
251-0493353,251-0493353-46D,מגורים,720.0,120.0,0.0,800,0,0,34.0,8,840.0,מחוזית,צפון,חברה ערבית,2021,חדשה
251-0493353,251-0493353-46F,מגורים,720.0,120.0,0.0,800,0,0,34.0,8,840.0,מחוזית,צפון,חברה ערבית,2021,חדשה
251-0493353,251-0493353-44D,מגורים,720.0,120.0,0.0,800,0,0,34.0,8,840.0,מחוזית,צפון,חברה ערבית,2021,חדשה
251-0493353,251-0493353-45A,מגורים,720.0,120.0,0.0,800,0,0,34.0,8,840.0,מחוזית,צפון,חברה ערבית,2021,חדשה
251-0493353,251-0493353-20B,מגורים,720.0,120.0,0.0,800,0,0,34.0,8,840.0,מחוזית,צפון,חברה ערבית,2021,חדשה
251-0493353,251-0493353-47,מגורים,720.0,120.0,0.0,800,0,0,34.0,8,840.0,מחוזית,צפון,חברה ערבית,2021,חדשה
251-0493353,251-0493353-45B,מגורים,720.0,120.0,0.0,800,0,0,34.0,8,840.0,מחוזית,צפון,חברה ערבית,2021,חדשה
251-0493353,251-0493353-20A,מגורים,720.0,120.0,0.0,800,0,0,34.0,8,840.0,מחוזית,צפון,חברה ערבית,2021,חדשה
251-0493353,251-0493353-48A,מגורים,720.0,120.0,0.0,800,0,0,34.0,8,840.0,מחוזית,צפון,חברה ערבית,2021,חדשה
251-0493353,251-0493353-44A,מגורים,720.0,120.0,0.0,800,0,0,34.0,8,840.0,מחוזית,צפון,חברה ערבית,2021,חדשה
251-0493353,251-0493353-48L,מגורים,720.0,120.0,0.0,800,0,0,34.0,8,840.0,מחוזית,צפון,חברה ערבית,2021,חדשה
251-0493353,251-0493353-49F,מגורים,720.0,120.0,0.0,800,0,0,34.0,8,840.0,מחוזית,צפון,חברה ערבית,2021,חדשה
251-0493353,251-0493353-48G,מגורים,720.0,120.0,0.0,800,0,0,34.0,8,840.0,מחוזית,צפון,חברה ערבית,2021,חדשה
251-0493353,251-0493353-45E,מגורים,720.0,120.0,0.0,800,0,0,34.0,8,840.0,מחוזית,צפון,חברה ערבית,2021,חדשה
251-0493353,251-0493353-46A,מגורים,720.0,120.0,0.0,800,0,0,34.0,8,840.0,מחוזית,צפון,חברה ערבית,2021,חדשה
251-0493353,251-0493353-48B,מגורים,720.0,120.0,0.0,800,0,0,34.0,8,840.0,מחוזית,צפון,חברה ערבית,2021,חדשה
251-0493353,251-0493353-48E,מגורים,720.0,120.0,0.0,800,0,0,34.0,8,840.0,מחוזית,צפון,חברה ערבית,2021,חדשה
251-0493353,251-0493353-48F,מגורים,720.0,120.0,0.0,800,0,0,34.0,8,840.0,מחוזית,צפון,חברה ערבית,2021,חדשה
251-0493353,251-0493353-43C,מגורים,720.0,120.0,0.0,800,0,0,34.0,8,840.0,מחוזית,צפון,חברה ערבית,2021,חדשה
251-0493353,251-0493353-44B,מגורים,720.0,120.0,0.0,800,0,0,34.0,8,840.0,מחוזית,צפון,חברה ערבית,2021,חדשה
251-0493353,251-0493353-49E,מגורים,720.0,120.0,0.0,800,0,0,34.0,8,840.0,מחוזית,צפון,חברה ערבית,2021,חדשה
652-0693556,652-0693556-16,מגורים,324.0,80.0,400.0,0,0,2,14.0,4,404.0,מחוזית,דרום,חברה ערבית,2021,חדשה
652-0693556,652-0693556-24,מגורים,324.0,80.0,400.0,0,0,2,14.0,4,404.0,מחוזית,דרום,חברה ערבית,2021,חדשה
652-0693556,652-0693556-146,מגורים,324.0,80.0,400.0,0,0,2,14.0,4,404.0,מחוזית,דרום,חברה ערבית,2021,חדשה
652-0693556,652-0693556-173,מגורים,324.0,80.0,400.0,0,0,2,14.0,4,404.0,מחוזית,דרום,חברה ערבית,2021,חדשה
652-0693556,652-0693556-174,מגורים,324.0,80.0,400.0,0,0,2,14.0,4,404.0,מחוזית,דרום,חברה ערבית,2021,חדשה
101-0888701,101-0888701-1,מגורים,1894.0,587.11,753.0,0,0,27,28.35,7,2481.11,מחוזית,ירושלים,חברה חרדית,2021,התחדשות
633-0802520,633-0802520-6,מגורים,220.0,50.0,500.0,0,0,1,0.0,2,270.0,מחוזית,דרום,חברה כללית / מעורבת,2021,חדשה
633-0802520,633-0802520-4,מגורים,205.0,57.0,570.0,0,0,1,0.0,2,262.0,מחוזית,דרום,חברה כללית / מעורבת,2021,חדשה
616-0420802,616-0420802-510,מגורים,160.0,58.0,640.0,0,0,1,9.0,2,218.0,מחוזית,דרום,חברה כללית / מעורבת,2021,חדשה
616-0420802,616-0420802-21A,מגורים,285.0,73.0,2360.0,0,0,1,9.0,2,358.0,מחוזית,דרום,חברה כללית / מעורבת,2021,חדשה
651-0850289,651-0850289-122,מגורים,190.0,126.0,500.0,0,0,1,7.5,2,316.0,מחוזית,דרום,חברה כללית / מעורבת,2021,חדשה
201-0834440,201-0834440-200,מגורים,240.0,60.0,577.0,0,0,1,8.5,2,300.0,מחוזית,צפון,חברה כללית / מעורבת,2021,חדשה
251-0670729,251-0670729-1,מגורים,576.0,96.0,400.0,0,0,6,14.0,4,672.0,מחוזית,צפון,חברה ערבית,2021,חדשה
204-0756965,204-0756965-2821,מגורים,3060.0,225.0,0.0,1600,0,2,18.0,0,3285.0,מחוזית,צפון,חברה כללית / מעורבת,2021,חדשה
204-0756965,204-0756965-119,מגורים,600.0,94.0,0.0,1332,0,2,17.0,4,694.0,מחוזית,צפון,חברה כללית / מעורבת,2021,חדשה
101-0902429,101-0902429-1A,מגורים,897.0,18.0,1416.0,0,0,4,11.07,3,915.0,מחוזית,ירושלים,חברה כללית / מעורבת,2021,התחדשות
101-0848754,101-0848754-1,מגורים,332.4,88.2,330.0,0,0,4,12.0,4,420.6,מחוזית,ירושלים,חברה ערבית,2021,התחדשות
305-0854976,305-0854976-100,מגורים,4400.0,1600.0,2445.0,0,0,44,21.0,6,6000.0,מחוזית,חיפה,חברה כללית / מעורבת,2021,חדשה
259-0742361,259-0742361-3B,מגורים,230.0,25.0,0.0,500,0,1,10.0,2,255.0,מחוזית,צפון,חברה כללית / מעורבת,2021,חדשה
259-0742361,259-0742361-3A,מגורים,460.0,50.0,0.0,1000,0,2,10.0,2,510.0,מחוזית,צפון,חברה כללית / מעורבת,2021,חדשה
302-0816322,302-0816322-1,מגורים,1456.0,336.0,1739.0,0,0,10,10.5,3,1792.0,מחוזית,חיפה,חברה כללית / מעורבת,2021,התחדשות
601-0750653,601-0750653-83A,מגורים,230.0,54.0,427.0,0,0,1,0.0,2,284.0,מחוזית,דרום,חברה כללית / מעורבת,2021,הסדרה
101-0720482,101-0720482-1,מגורים,370.0,82.0,411.0,0,0,5,13.0,4,452.0,מחוזית,ירושלים,חברה ערבית,2021,התחדשות
152-0904235,152-0904235-1,מגורים,383.14,74.0,524.0,0,0,4,8.86,3,457.14,מחוזית,ירושלים,חברה ערבית,2021,התחדשות
201-0860965,201-0860965-163,מגורים,240.0,60.0,500.0,0,0,1,8.5,2,300.0,מחוזית,צפון,חברה כללית / מעורבת,2021,חדשה
211-0877910,211-0877910-100,מגורים,480.0,160.0,0.0,400,0,3,14.0,4,640.0,מחוזית,צפון,חברה ערבית,2021,חדשה
101-0810655,101-0810655-1,מגורים,527.05,219.89,406.56,0,0,4,12.48,4,746.9399999999999,מחוזית,ירושלים,חברה ערבית,2021,התחדשות
262-0889014,262-0889014-700,מגורים,810.6,144.75,579.0,0,0,5,19.0,5,955.35,מחוזית,צפון,חברה ערבית,2021,חדשה
101-0843342,101-0843342-1,מגורים,811.0,132.0,835.0,0,0,6,9.99,3,943.0,מחוזית,ירושלים,חברה ערבית,2021,התחדשות
354-0625756,354-0625756-200,מגורים,920.0,210.0,920.0,920,0,6,26.0,6,1130.0,מחוזית,חיפה,חברה ערבית,2021,חדשה
101-0841320,101-0841320-1,מגורים,3034.0,600.0,1453.5,0,0,40,27.04,8,3634.0,מחוזית,ירושלים,חברה ערבית,2021,התחדשות
